"","noun"
"1","이"
"2","수"
"3","토끼"
"4","왕"
"5","토끼"
"6","남자"
"7","화랑"
"8","여우"
"9","그림"
"10","방"
"11","벽면"
"12","털"
"13","북극여우"
"14","그림"
"15","북극여우"
"16","실재"
"17","것"
"18","묘사력"
"19","작자"
"20","고양이"
"21","맹수들"
"22","이미지를"
"23","조합"
"24","상상"
"25","속"
"26","여우"
"27","모양"
"28","그"
"29","그것"
"30","토끼"
"31","데"
"32","도움"
"33","것"
"34","생각"
"35","그"
"36","눈언저리"
"37","경련"
"38","덫"
"39","녹"
"40","손끝"
"41","때"
"42","스렁스렁"
"43","소리"
"44","몸"
"45","신경"
"46","소리"
"47","용수철"
"48","공명"
"49","것"
"50","덫"
"51","먹잇감"
"52","순간"
"53","아귀"
"54","것"
"55","그"
"56","손가락"
"57","덫"
"58","아귀"
"59","회사"
"60","사무실"
"61","쥐"
"62","끈끈이"
"63","것"
"64","사무실"
"65","매점"
"66","있어서인지"
"67","쥐"
"68","신기"
"69","서류"
"70","뭉치"
"71","컴퓨터"
"72","따위"
"73","책상들"
"74","사이"
"75","쥐"
"76","과장"
"77","쪽"
"78","뒷다리"
"79","끈끈이"
"80","쥐"
"81","발"
"82","끈끈이"
"83","전체"
"84","달라붙게"
"85","과장"
"86","놈"
"87","때"
"88","놈"
"89","뼈"
"90","소리"
"91","과장"
"92","신기하단"
"93","말"
"94","고층"
"95","건물"
"96","층"
"97","쥐새끼"
"98","것"
"99","매치"
"100","과장"
"101","듯"
"102","숨"
"103","쥐"
"104","발"
"105","죽"
"106","쥐"
"107","몸"
"108","이상"
"109","소리"
"110","나"
"111","그"
"112","토끼"
"113","곳"
"114","세"
"115","개"
"116","덫"
"117","한"
"118","시간여"
"119","작업"
"120","탓"
"121","그"
"122","몸"
"123","나른"
"124","심호흡"
"125","자리"
"126","그"
"127","무언가"
"128","사람"
"129","초조"
"130","그"
"131","자리"
"132","주방"
"133","냉장고"
"134","문"
"135","며칠"
"136","동안"
"137","수"
"138","준비"
"139","통조림"
"140","육가공"
"141","제품들이"
"142","눈"
"143","그"
"144","탄산음료"
"145","그것"
"146","한"
"147","모금"
"148","들이켜자"
"149","몸"
"150","미미한"
"151","기도"
"152","밑"
"153","진열"
"154","통조림들"
"155","간밤"
"156","꿈"
"157","꿈속"
"158","그"
"159","수술실"
"160","그"
"161","의사"
"162","선생님"
"163","어디"
"164","잘못된"
"165","마스크"
"166","의사"
"167","눈"
"168","표정"
"169","신장에"
"170","깡통"
"171","깡통"
"172","제거"
"173","통조림"
"174","껍데기"
"175","말"
"176","꽁치"
"177","통조림"
"178","그"
"179","냉장고"
"180","속"
"181","통조림"
"182","아니"
"183","그것"
"184","언제"
"185","거기"
"186","의사"
"187","대꾸"
"188","그"
"189","수술실"
"190","마취"
"191","그"
"192","수술"
"193","광경"
"194","의사"
"195","그"
"196","몸"
"197","통조림"
"198","피"
"199","통조림"
"200","표면"
"201","숫자들이"
"202","눈"
"203","그"
"204","목소리"
"205","마취"
"206","기도"
"207","바깥"
"208","아니"
"209","저"
"210","어제"
"211","것"
"212","통조림"
"213","표면"
"214","라는"
"215","유통기한"
"216","철커덕"
"217","소리"
"218","그"
"219","눈"
"220","잠"
"221","후"
"222","왼쪽"
"223","손"
"224","통증"
"225","대수"
"226","라"
"227","생각"
"228","통증"
"229","극심"
"230","심장"
"231","역류"
"232","그"
"233","비명"
"234","자신"
"235","덫"
"236","아귀"
"237","리"
"238","안간힘"
"239","손"
"240","덫"
"241","뒤"
"242","요동치"
"243","그"
"244","심장"
"245","너도"
"246","홀"
"247","애틋한"
"248","눈"
"249","그"
"250","충고"
"251","형"
"252","모습"
"253","그"
"254","형"
"255","충고"
"256","지"
"257","주"
"258","만"
"259","직장"
"260","사표"
"261","아무"
"262","그"
"263","해"
"264","그"
"265","직장"
"266","동료"
"267","모두"
"268","자신"
"269","생각"
"270","옆자리"
"271","여직원"
"272","한숨"
"273","서류"
"274","뭉치"
"275","소리"
"276","나"
"277","것"
"278","그"
"279","화"
"280","때문"
"281","창가"
"282","커피"
"283","두"
"284","남자"
"285","직원"
"286","창밖"
"287","한"
"288","번"
"289","눈"
"290","것"
"291","그"
"292","욕"
"293","때문"
"294","형"
"295","자신"
"296","말해"
"297","그"
"298","형"
"299","위선자"
"300","생각"
"301","과장이"
"302","나"
"303","쥐새끼"
"304","취급"
"305","그"
"306","과장"
"307","덫"
"308","쥐"
"309","때"
"310","나"
"311","소리"
"312","기억"
"313","멍청한"
"314","녀석"
"315","그것"
"316","과장"
"317","농담"
"318","한"
"319","말"
"320","뿐"
"321","그"
"322","덫"
"323","상처"
"324","상처"
"325","주변"
"326","녹"
"327","입"
"328","그것"
"329","연고"
"330","어디"
"331","두"
"332","그"
"333","무언가"
"334","발견"
"335","동작"
"336","여우"
"337","그림"
"338","빛"
"339","따위"
"340","아랑곳"
"341","벽면"
"342","그것"
"343","토끼"
"344","그"
"345","토끼"
"346","몸"
"347","숨"
"348","정도"
"349","미동"
"350","분명한"
"351","것"
"352","놈"
"353","눈"
"354","그"
"355","눈"
"356","것"
"357","생명"
"358","것"
"359","눈"
"360","남자"
"361","생각"
"362","토끼"
"363","모습"
"364","누구"
"365","공감"
"366","수"
"367","상황"
"368","이야기"
"369","형"
"370","그"
"371","것"
"372","그것"
"373","자신"
"374","생각"
"375","것"
"376","예"
"377","고등학교"
"378","때"
"379","그"
"380","옆자리"
"381","친구"
"382","백"
"383","워드"
"384","에"
"385","이야기"
"386","주일"
"387","동안"
"388","백"
"389","워드"
"390","매스킹에"
"391","그"
"392","녹음기"
"393","전"
"394","후"
"395","의미"
"396","성립"
"397","말"
"398","노트"
"399","친구"
"400","그"
"401","노트"
"402","친구"
"403","콧소리"
"404","귓가"
"405","토끼"
"406","이야기"
"407","친구"
"408","콧소리"
"409","것"
"410","시간"
"411","토끼"
"412","다리"
"413","공중"
"414","토끼"
"415","공"
"416","모양"
"417","우주선"
"418","허공"
"419","부양"
"420","남자"
"421","왼쪽"
"422","비행해서"
"423","반대편"
"424","벽"
"425","남자"
"426","순간"
"427","관성"
"428","토끼"
"429","몸"
"430","벽"
"431","속"
"432","년"
"433","월"
"434","그"
"435","무엇"
"436","예전"
"437","그"
"438","것"
"439","고등학교"
"440","때"
"441","기록"
"442","년"
"443","그"
"444","열한"
"445","살"
"446","때"
"447","꿈속"
"448","날짜"
"449","것"
"450","그"
"451","고민해"
"452","그날"
"453","자신"
"454","무엇"
"455","불가능"
"456","것"
"457","깨달았다"
"458","날짜인가"
"459","통조림"
"460","새삼"
"461","것"
"462","그"
"463","그날"
"464","냉장고"
"465","통조림"
"466","중"
"467","하나"
"468","반찬"
"469","테"
"470","그"
"471","아버지"
"472","돈"
"473","사업가"
"474","어머니"
"475","낮"
"476","동안"
"477","아버지"
"478","번"
"479","돈"
"480","저녁"
"481","밤"
"482","집"
"483","여자"
"484","어머니"
"485","자신"
"486","집"
"487","때"
"488","대비해"
"489","냉장고"
"490","통조림"
"491","준비해"
"492","두"
"493","월"
"494","일"
"495","모르긴"
"496","어머니"
"497","집"
"498","날"
"499","중"
"500","하나"
"501","터"
"502","부모님"
"503","집"
"504","형"
"505","그"
"506","주인"
"507","왕"
"508","군림"
"509","그"
"510","아침"
"511","도시락"
"512","통조림"
"513","방"
"514","후"
"515","트집"
"516","형"
"517","아이"
"518","지금"
"519","형"
"520","그때는"
"521","장난"
"522","너"
"523","스트레스"
"524","라며"
"525","생각해"
"526","그"
"527","속"
"528","콧방귀"
"529","뀌었다"
"530","형"
"531","숨"
"532","정도"
"533","그"
"534","닦달"
"535","것"
"536","월"
"537","그"
"538","형"
"539","형"
"540","가을"
"541","송충이"
"542","것"
"543","그"
"544","플라타너스"
"545","나무"
"546","아래"
"547","송충이"
"548","형"
"549","놈"
"550","책상"
"551","위"
"552","한"
"553","마리"
"554","라이터"
"555","불꽃"
"556","털"
"557","송충이"
"558","몸"
"559","불꽃"
"560","죽"
"561","척"
"562","살"
"563","수"
"564","줄"
"565","불꽃"
"566","대"
"567","공중"
"568","튀어오를"
"569","듯"
"570","몸"
"571","송충이"
"572","죽"
"573","척"
"574","않았다"
"575","형"
"576","일"
"577","스릴"
"578","것"
"579","불"
"580","죽"
"581","줄"
"582","송충이"
"583","몸"
"584","때"
"585","형"
"586","죽"
"587","척"
"588","소용"
"589","것"
"590","송충이"
"591","책상"
"592","모서리"
"593","기"
"594","때"
"595","형"
"596","눈"
"597","송충이"
"598","반응"
"599","벌레"
"600","지능"
"601","생각"
"602","것"
"603","살생"
"604","형"
"605","나뭇가지"
"606","목숨"
"607","송충이"
"608","머리"
"609","고정"
"610","나뭇가지"
"611","송충이"
"612","몸"
"613","머리"
"614","꽁무니"
"615","액체"
"616","송충이"
"617","내장"
"618","머리"
"619","꽁무니"
"620","꽁무니"
"621","액체"
"622","밖"
"623","불"
"624","송충이"
"625","외피"
"626","때문"
"627","형"
"628","행동"
"629","송충이"
"630","숨"
"631","때"
"632","계속"
"633","형"
"634","송충이"
"635","몸"
"636","어디선가"
"637","소리"
"638","그"
"639","눈"
"640","이꼬트"
"641","귀"
"642","누구"
"643","주위"
"644","예상"
"645","것"
"646","곳"
"647","토끼"
"648","그"
"649","토끼"
"650","실체"
"651","방안"
"652","토끼"
"653","기체"
"654","토끼"
"655","벽"
"656","토끼"
"657","바닥"
"658","토끼"
"659","장롱"
"660","토끼"
"661","텔레비전"
"662","단발적"
"663","소리"
"664","그"
"665","생각"
"666","정지"
"667","소리"
"668","머릿속"
"669","텔레파시"
"670","토끼"
"671","언어"
"672","그"
"673","가"
"674","뜻"
"675","생각"
"676","자연"
"677","의미"
"678","것"
"679","이꼬트"
"680","그것"
"681","이꼬트이다"
"682","이꼬트를"
"683","수긍"
"684","수"
"685","것"
"686","그"
"687","한"
"688","번"
"689","주위"
"690","벽면"
"691","여우"
"692","그림"
"693","앞"
"694","열풍"
"695","것"
"696","숨"
"697","그"
"698","두"
"699","여우"
"700","그림"
"701","변화"
"702","앞발"
"703","가슴팍"
"704","것"
"705","그"
"706","그것"
"707","이상"
"708","여우"
"709","그림"
"710","이마"
"711","위"
"712","두"
"713","개"
"714","귀가"
"715","눈"
"716","벽"
"717","속"
"718","여우"
"719","그림"
"720","토끼"
"721","토끼"
"722","입술"
"723","그"
"724","녀석"
"725","두"
"726","눈"
"727","것"
"728","분명해지"
"729","토끼"
"730","기체"
"731","따위"
"732","존재"
"733","벽"
"734","속"
"735","실체"
"736","텔레파시"
"737","명쾌"
"738","이꼬트는"
"739","토끼"
"740","언어"
"741","단순한"
"742","말장난"
"743","뿐"
"744","그"
"745","고등학교"
"746","때"
"747","말놀음을"
"748","토끼"
"749","그"
"750","것"
"751","백"
"752","워드"
"753","매스킹"
"754","이꼬트는"
"755","라는"
"756","뜻"
"757","이꼬트"
"758","분리"
"759","순서"
"760","였다"
"761","토끼"
"762","노골적"
"763","그"
"764","토끼"
"765","얼굴"
"766","웃음"
"767","나는"
"768","이꼬트다"
"769","토끼"
"770","말"
"771","하지만"
"772","예언자"
"773","것"
"774","내가"
"775","예언"
"776","때문"
"777","토끼"
"778","일"
"779","인간"
"780","일"
"781","세상"
"782","일"
"783","예언"
"784","구체적"
"785","예언"
"786","밥상머리"
"787","일"
"788","너"
"789","큰일"
"790","토끼"
"791","그"
"792","경고"
"793","그"
"794","놀림받는다는"
"795","생각"
"796","그림"
"797","내"
"798","화랑"
"799","생각"
"800","그"
"801","토끼"
"802","경고"
"803","너를"
"804","그림째"
"805","화랑"
"806","토끼"
"807","놈"
"808","것"
"809","소용"
"810","나"
"811","기체"
"812","존재"
"813","너"
"814","그림"
"815","나"
"816","방"
"817","어디"
"818","존재"
"819","테"
"820","사물"
"821","안"
"822","수"
"823","토끼"
"824","목소리"
"825","심지어"
"826","너"
"827","기억"
"828","속"
"829","세"
"830","개"
"831","덫"
"832","아귀"
"833","허공"
"834","그것들이"
"835","것"
"836","투명한"
"837","공기"
"838","자락"
"839","뿐"
"840","여덟"
"841","개"
"842","전구"
"843","중"
"844","하나"
"845","방"
"846","그"
"847","토끼"
"848","나에게"
"849","거지"
"850","토끼"
"851","대답"
"852","곧"
"853","너"
"854","몸"
"855","변화"
"856","것"
"857","너는"
"858","병"
"859","때문"
"860","너"
"861","적"
"862","꽁치"
"863","통조림"
"864","쇳가루"
"865","병"
"866","통조림"
"867","덕"
"868","너"
"869","병신"
"870","통조림"
"871","이상한"
"872","욕심"
"873","욕심"
"874","사람"
"875","무언가"
"876","안달"
"877","나"
"878","것"
"879","쇠"
"880","자신"
"881","몸"
"882","둘"
"883","항문"
"884","입"
"885","뒤"
"886","시간"
"887","입"
"888","눈"
"889","땅"
"890","하늘"
"891","여름"
"892","눈"
"893","저"
"894","집"
"895","도둑"
"896","창문"
"897","것"
"898","환장"
"899","냄새"
"900","그"
"901","수"
"902","생각"
"903","그것"
"904","이상한"
"905","욕심"
"906","구름"
"907","침묵"
"908","천둥"
"909","토끼"
"910","목소리"
"911","너는"
"912","왕"
"913","것"
"914","토끼왕"
"915","왕"
"916","왕"
"917","왕"
"918","왕"
"919","그게"
"920","소리"
"921","토끼"
"922","대답"
"923","네가"
"924","병신"
"925","때문"
"926","너"
"927","왕좌"
"928","것"
"929","너"
"930","학교"
"931","빌빌댔고"
"932","직장"
"933","적응"
"934","일"
"935","사회"
"936","부적응자"
"937","가족"
"938","너"
"939","일원"
"940","토끼들"
"941","대부분"
"942","자신"
"943","잔인하게"
"944","우두머리"
"945","나에게는"
"946","잔인함"
"947","두통"
"948","두통"
"949","다섯"
"950","단계"
"951","번째"
"952","단계"
"953","다섯"
"954","번째"
"955","단계"
"956","중간"
"957","최고"
"958","폭군"
"959","상상"
"960","상상"
"961","누구"
"962","잔인"
"963","수"
"964","누군가"
"965","생각"
"966","수백"
"967","번"
"968","수"
"969","예언자"
"970","말"
"971","그"
"972","토끼왕"
"973","토끼왕"
"974","트집"
"975","토끼"
"976","한"
"977","마리"
"978","것"
"979","녀석"
"980","귀"
"981","구멍"
"982","철사"
"983","것"
"984","귀가"
"985","때"
"986","그"
"987","자신"
"988","예언자"
"989","말"
"990","가족들"
"991","생각해"
"992","가족들"
"993","전화"
"994","그"
"995","누구"
"996","누구"
"997","것"
"998","때"
"999","형"
"1000","기억"
"1001","형"
"1002","이소룡"
"1003","영화"
"1004","뒤"
"1005","쌍절곤을"
"1006","사달"
"1007","부모님"
"1008","때"
"1009","그것"
"1010","그"
"1011","머리"
"1012","형"
"1013","그"
"1014","말"
"1015","너는"
"1016","초등학생"
"1017","과학"
"1018","선생님"
"1019","나"
"1020","나"
"1021","과학"
"1022","선생님"
"1023","이야기"
"1024","첫째"
"1025","한국"
"1026","사람"
"1027","것"
"1028","둘째"
"1029","생물"
"1030","고통"
"1031","적응"
"1032","것"
"1033","일일"
"1034","설명해"
"1035","줄"
"1036","수"
"1037","너"
"1038","쌍절곤으로"
"1039","걸"
"1040","나"
"1041","힘"
"1042","쌍절곤을"
"1043","너"
"1044","것"
"1045","어머니"
"1046","집"
"1047","너"
"1048","교육"
"1049","일"
"1050","때문"
"1051","내"
"1052","숙제"
"1053","때"
"1054","너"
"1055","몇"
"1056","번"
"1057","얘기한"
"1058","것"
"1059","한"
"1060","귀"
"1061","흘려듣고"
"1062","잘못"
"1063","형"
"1064","그"
"1065","음낭"
"1066","그"
"1067","자리"
"1068","형"
"1069","손바닥"
"1070","그"
"1071","얼굴"
"1072","가격"
"1073","그"
"1074","부모님"
"1075","방"
"1076","도망"
"1077","문"
"1078","자신"
"1079","얼굴"
"1080","손톱"
"1081","손톱자국"
"1082","그"
"1083","자신"
"1084","얼굴"
"1085","어머니"
"1086","때"
"1087","어머니"
"1088","새벽"
"1089","시"
"1090","그"
"1091","얼굴"
"1092","어머니"
"1093","한심"
"1094","듯"
"1095","한숨"
"1096","외출해서"
"1097","사람"
"1098","짜증"
"1099","일"
"1100","그녀"
"1101","자신"
"1102","말"
"1103","것"
"1104","내"
"1105","약"
"1106","테"
"1107","오늘"
"1108","말"
"1109","것"
"1110","이해"
"1111","수"
"1112","듯"
"1113","표정"
"1114","그"
"1115","자신"
"1116","몸속"
"1117","피"
"1118","통조림"
"1119","기억"
"1120","하나"
"1121","그"
"1122","날"
"1123","학교"
"1124","때"
"1125","거실"
"1126","탁자"
"1127","위"
"1128","상자"
"1129","하나"
"1130","발코니"
"1131","의자"
"1132","형"
"1133","창밖"
"1134","형"
"1135","손가락"
"1136","무언가"
"1137","담배"
"1138","그"
"1139","상자"
"1140","속"
"1141","무엇"
"1142","궁금"
"1143","탁자"
"1144","앞"
"1145","상체"
"1146","앞"
"1147","상자"
"1148","속"
"1149","토끼"
"1150","한"
"1151","마리"
"1152","피"
"1153","할딱대고"
"1154","옆구리"
"1155","털"
"1156","상자"
"1157","바닥"
"1158","것"
"1159","형"
"1160","상처"
"1161","것"
"1162","그"
"1163","복부"
"1164","한가운데"
"1165","얼음"
"1166","조각"
"1167","척추"
"1168","이"
"1169","통증"
"1170","소름"
"1171","그"
"1172","후"
"1173","형"
"1174","자리"
"1175","거실"
"1176","주방"
"1177","것"
"1178","형"
"1179","그곳"
"1180","슈퍼마켓"
"1181","물건"
"1182","비닐봉지"
"1183","탁자"
"1184","앞"
"1185","주저"
"1186","토끼"
"1187","비닐"
"1188","속"
"1189","형"
"1190","공기"
"1191","비닐"
"1192","입구"
"1193","다음"
"1194","발코니"
"1195","그것"
"1196","창밖"
"1197","방"
"1198","안"
"1199","방문"
"1200","너머"
"1201","텔레비전"
"1202","소리"
"1203","형"
"1204","쇼"
"1205","프로그램"
"1206","시작"
"1207","그"
"1208","현관"
"1209","발코니"
"1210","밖"
"1211","잔디밭"
"1212","형"
"1213","비닐봉지"
"1214","스륵"
"1215","스륵"
"1216","소리"
"1217","내"
"1218","그"
"1219","그곳"
"1220","앞"
"1221","꿇어앉았다"
"1222","반투명한"
"1223","비닐"
"1224","쪽"
"1225","면"
"1226","피"
"1227","공기"
"1228","부족한"
"1229","탓"
"1230","토끼"
"1231","몸"
"1232","괴로움"
"1233","호소"
"1234","안개"
"1235","속"
"1236","황량한"
"1237","겨울"
"1238","나뭇가지"
"1239","토끼"
"1240","주둥이"
"1241","발"
"1242","귀가"
"1243","비닐"
"1244","벽"
"1245","그"
"1246","가슴"
"1247","그"
"1248","비닐"
"1249","쪽"
"1250","손"
"1251","비닐"
"1252","손"
"1253","직전"
"1254","그"
"1255","동작"
"1256","토끼"
"1257","죽음"
"1258","두려움"
"1259","듯"
"1260","몸"
"1261","비닐"
"1262","생각"
"1263","것"
"1264","그"
"1265","손"
"1266","시간"
"1267","토끼"
"1268","이상"
"1269","그"
"1270","비닐봉지"
"1271","고민"
"1272","월"
"1273","하늘"
"1274","태양"
"1275","그"
"1276","비닐봉지"
"1277","손"
"1278","그때"
"1279","죽"
"1280","줄"
"1281","토끼"
"1282","파륵"
"1283","몸"
"1284","그"
"1285","토끼"
"1286","그"
"1287","말"
"1288","것"
"1289","소리"
"1290","토끼"
"1291","세상"
"1292","소리"
"1293","존재"
"1294","여러분"
"1295","우리들"
"1296","왕"
"1297","왕은"
"1298","악마"
"1299","우리"
"1300","최고"
"1301","폭군"
"1302","것"
"1303","여러분들"
"1304","몸"
"1305","분리해"
"1306","토끼"
"1307","나라"
"1308","피바다"
"1309","것"
"1310","왕"
"1311","취임사"
"1312","시작"
"1313","토끼"
"1314","왕국"
"1315","한"
"1316","것"
"1317","예언자"
"1318","그"
"1319","둘만"
"1320","대화"
"1321","취임사"
"1322","요구"
"1323","예언자"
"1324","박수"
"1325","소리"
"1326","외로이"
"1327","허공"
"1328","공명"
"1329","저"
"1330","왕"
"1331","허허허"
"1332","허허허허"
"1333","새"
"1334","왕은"
"1335","반장"
"1336","분단장"
"1337","한"
"1338","번"
"1339","적"
"1340","한심한"
"1341","인간이라는군요"
"1342","오"
"1343","줄"
"1344","것"
"1345","토끼"
"1346","방구석"
"1347","덫"
"1348","뿐"
"1349","침묵"
"1350","그"
"1351","곳"
"1352","토끼"
"1353","왕국"
"1354","왕궁"
"1355","그"
"1356","방"
"1357","뿐"
"1358","아무"
"1359","방"
"1360","안"
"1361","것"
"1362","뿐"
"1363","그"
"1364","눈"
"1365","그것"
"1366","확인"
"1367","눈"
"1368","것"
"1369","예언자"
"1370","입"
"1371","귀가"
"1372","가려웠다"
"1373","몸"
"1374","근질거리"
"1375","것"
"1376","사위"
"1377","조용"
"1378","그"
"1379","약간"
"1380","두려움"
"1381","시간"
"1382","침묵"
"1383","계속"
"1384","그"
"1385","불안감"
"1386","폭력"
"1387","침묵"
"1388","속"
"1389","것"
"1390","때문"
"1391","어디"
"1392","살인"
"1393","것"
"1394","예언자"
"1395","예언한"
"1396","일"
"1397","미래"
"1398","이상한"
"1399","욕심"
"1400","가득한"
"1401","병신들이"
"1402","세상"
"1403","것"
"1404","어깨"
"1405","간지러웠다"
"1406","손"
"1407","뒷목"
"1408","손"
"1409","까칠한"
"1410","그"
"1411","무언가"
"1412","작정"
"1413","자리"
"1414","세면실"
"1415","쪽"
"1416","무릎"
"1417","세면실"
"1418","불"
"1419","전구"
"1420","어둠"
"1421","그"
"1422","뒷목"
"1423","익숙"
"1424","까칠한"
"1425","존재"
"1426","그"
"1427","손"
"1428","뒷목"
"1429","쓸어올려"
"1430","뒤통수"
"1431","무언가"
"1432","것"
"1433","손"
"1434","위"
"1435","쓸어올렸다"
"1436","그"
"1437","곧"
"1438","자신"
"1439","한"
"1440","마리"
"1441","토끼"
"1442","깨달았다"
"1443","방"
"1444","탈출"
"1445","그"
"1446","겨울용"
"1447","목도리"
"1448","머리"
"1449","꼴"
"1450","토끼"
"1451","귀가"
"1452","것"
"1453","현관"
"1454","문고리"
"1455","탈출"
"1456","그"
"1457","생각"
"1458","것"
"1459","그"
"1460","빛"
"1461","속"
"1462","빛"
"1463","그"
"1464","빛"
"1465","사방"
"1466","그"
"1467","속도"
"1468","빛"
"1469","손아귀"
"1470","것"
"1471","통증"
"1472","다리"
"1473","것"
"1474","악몽"
"1475","것"
"1476","살"
"1477","사건"
"1478","꿈"
"1479","말"
"1480","사건"
"1481","연루"
"1482","것"
"1483","끔찍한"
"1484","일"
"1485","숨"
"1486","그"
"1487","그"
"1488","앞"
"1489","자연"
"1490","두"
"1491","손"
"1492","땅"
"1493","자신"
"1494","사이"
"1495","뒷발"
"1496","땅"
"1497","몸"
"1498","앞"
"1499","그"
"1500","앞다리"
"1501","그"
"1502","그"
"1503","예전"
"1504","속도"
"1505","시작"
"1506","정신"
"1507","세상"
"1508","조금씩"
"1509","모습"
"1510","건물"
"1511","자동차"
"1512","사람들"
"1513","그"
"1514","사람들"
"1515","앞"
"1516","후"
"1517","잔디밭"
"1518","도달"
"1519","그"
"1520","다리"
"1521","뒤"
"1522","숨"
"1523","듯"
"1524","뭐"
"1525","뭔지"
"1526","수"
"1527","한참"
"1528","어디선가"
"1529","예언자"
"1530","목소리"
"1531","왕을"
"1532","뭐"
"1533","거지"
"1534","병신"
"1535","병신"
"1536","첫"
"1537","번째"
"1538","토끼"
"1539","회의하느라"
"1540","모두"
"1541","데"
"1542","첫"
"1543","번째"
"1544","토끼"
"1545","하냐니"
"1546","그"
"1547","자신"
"1548","것"
"1549","생각"
"1550","이해"
"1551","가지"
"1552","예언자"
"1553","자신"
"1554","것"
"1555","고민"
"1556","반문"
"1557","자신"
"1558","잔"
"1559","인간"
"1560","토끼"
"1561","왕"
"1562","국민"
"1563","생각"
"1564","나라"
"1565","말"
"1566","예언자"
"1567","황당"
"1568","웃음"
"1569","그"
"1570","긴장"
"1571","다음"
"1572","이야기"
"1573","것"
"1574","그"
"1575","예언자"
"1576","웃음소리"
"1577","환상"
"1578","한"
"1579","번"
"1580","자신"
"1581","뒷목"
"1582","앞발"
"1583","뒤통수"
"1584","예언자"
"1585","웃음"
"1586","법과"
"1587","보복"
"1588","수십"
"1589","명"
"1590","사람"
"1591","것"
"1592","법"
"1593","보복"
"1594","소리"
"1595","수"
"1596","그"
"1597","수십"
"1598","명"
"1599","사람"
"1600","것"
"1601","말"
"1602","어처구니"
"1603","생각"
"1604","예언자"
"1605","그래서"
"1606","수십"
"1607","마리"
"1608","토끼"
"1609","것"
"1610","토끼"
"1611","대가"
"1612","것"
"1613","생각"
"1614","때문"
"1615","예언자"
"1616","하지만"
"1617","토끼"
"1618","보복"
"1619","라고"
"1620","말"
"1621","것"
"1622","사람"
"1623","중학교"
"1624","때"
"1625","수학"
"1626","선생님"
"1627","아르바이트"
"1628","때"
"1629","편의점"
"1630","주인"
"1631","훈련소"
"1632","조교"
"1633","회사"
"1634","때"
"1635","과장"
"1636","생각해"
"1637","한"
"1638","번"
"1639","생각해"
"1640","인간들이"
"1641","강렬"
"1642","얼굴"
"1643","형"
"1644","얼굴"
"1645","형"
"1646","토끼"
"1647","질식사시킨"
"1648","후"
"1649","그"
"1650","아무"
"1651","토끼"
"1652","학교"
"1653","앞"
"1654","노점상"
"1655","노인"
"1656","금요일"
"1657","토끼"
"1658","금요일"
"1659","특별활동"
"1660","때문"
"1661","형"
"1662","학교"
"1663","날"
"1664","그"
"1665","금요일"
"1666","토끼"
"1667","상자"
"1668","속"
"1669","죽"
"1670","때"
"1671","학대"
"1672","불과"
"1673","물"
"1674","쇠"
"1675","나무"
"1676","것"
"1677","그"
"1678","잔혹한"
"1679","충족"
"1680","줄"
"1681","도구"
"1682","그"
"1683","마음속"
"1684","토끼"
"1685","명령"
"1686","죄목"
"1687","설명"
"1688","네가"
"1689","그"
"1690","순간"
"1691","토끼"
"1692","군주"
"1693","집행자"
"1694","예언자"
"1695","목소리"
"1696","그"
"1697","회상"
"1698","제안해"
"1699","첫"
"1700","번째"
"1701","토끼"
"1702","처리"
"1703","그"
"1704","자리"
"1705","그"
"1706","예전"
"1707","토끼"
"1708","학살"
"1709","어찌"
"1710","짓"
"1711","것"
"1712","그"
"1713","괴로움"
"1714","뿐"
"1715","그"
"1716","앞발"
"1717","땅"
"1718","두"
"1719","발"
"1720","누군가"
"1721","척추"
"1722","것"
"1723","상체"
"1724","그"
"1725","몇"
"1726","번"
"1727","시도"
"1728","무위"
"1729","그"
"1730","가슴속"
"1731","화"
"1732","치밀어"
"1733","콧구멍"
"1734","귓구멍"
"1735","것"
"1736","그"
"1737","예언자"
"1738","소리"
"1739","이"
"1740","새끼"
"1741","나"
"1742","두"
"1743","발"
"1744","놔"
"1745","당장"
"1746","예언자"
"1747","대답"
"1748","너도"
"1749","것"
"1750","널"
"1751","주둥이"
"1752","항문"
"1753","것"
"1754","내장"
"1755","밖"
"1756","털북숭이"
"1757","가죽"
"1758","내장"
"1759","다음"
"1760","낫"
"1761","몸뚱아리"
"1762","하나하나"
"1763","분리"
"1764","것"
"1765","것"
"1766","심장"
"1767","몸"
"1768","걸레"
"1769","조각"
"1770","뒤"
"1771","거야"
"1772","예언자"
"1773","대꾸"
"1774","왕께서"
"1775","예언자"
"1776","주둥이"
"1777","자신"
"1778","몸"
"1779","환상"
"1780","눈앞"
"1781","그"
"1782","예언자"
"1783","내장"
"1784","바깥"
"1785","데"
"1786","시간"
"1787","그"
"1788","말"
"1789","것"
"1790","현실"
"1791","예언자"
"1792","몸"
"1793","낫"
"1794","자국"
"1795","시작"
"1796","피"
"1797","내장"
"1798","둘"
"1799","셋"
"1800","넷"
"1801","그"
"1802","내부"
"1803","두려움"
"1804","몸"
"1805","정체"
"1806","백"
"1807","퍼센트"
"1808","공포"
"1809","그것"
"1810","백"
"1811","퍼센트"
"1812","공포감"
"1813","사실"
"1814","그"
"1815","백"
"1816","퍼센트"
"1817","공포감"
"1818","공포감"
"1819","백"
"1820","원액"
"1821","맛"
"1822","오십"
"1823","원액이랄까"
"1824","강렬"
"1825","기억들"
"1826","신경조직"
"1827","연결"
"1828","라이터"
"1829","불"
"1830","송충이"
"1831","몸"
"1832","때"
"1833","기억"
"1834","무당벌레"
"1835","비커"
"1836","속"
"1837","살충제"
"1838","때"
"1839","기억"
"1840","비닐"
"1841","속"
"1842","토끼"
"1843","그"
"1844","라고"
"1845","때"
"1846","기억"
"1847","그"
"1848","예언자"
"1849","심장"
"1850","것"
"1851","다급하게"
"1852","예언자"
"1853","말"
"1854","그"
"1855","사이"
"1856","예언자"
"1857","심장"
"1858","바닥"
"1859","그"
"1860","자신"
"1861","다음"
"1862","말"
"1863","것"
"1864","수"
"1865","정말로"
"1866","정말로"
"1867","너"
"1868","정말로"
"1869","악몽"
"1870","나"
"1871","후"
"1872","예언자"
"1873","시신"
"1874","눈앞"
"1875","침묵만"
"1876","그"
"1877","생각"
"1878","몸"
"1879","하늘"
"1880","따사로운"
"1881","햇살"
"1882","따뜻한"
"1883","햇살"
"1884","몸"
"1885","것"
"1886","그"
"1887","병"
"1888","어디선가"
"1889","누군가"
"1890","목소리"
"1891","예언자"
"1892","목소리"
"1893","말"
"1894","수"
"1895","백"
"1896","워드"
"1897","매스킹인가"
"1898","말"
"1899","것"
"1900","한"
"1901","사람"
"1902","것"
"1903","깨달았다"
"1904","그"
"1905","말"
"1906","백"
"1907","워드"
"1908","매스킹이"
"1909","것"
"1910","사람"
"1911","사람"
"1912","말"
"1913","때문"
"1914","그것"
"1915","수"
"1916","모양"
"1917","선명하게"
"1918","소리"
"1919","그것"
"1920","장사꾼"
"1921","목소리"
"1922","한"
"1923","마리"
"1924","원"
"1925","원"
"1926","냄새"
"1927","나"
"1928","한번"
"1929","확인해"
"1930","냄새"
"1931","나"
"1932","냄새"
"1933","어이"
"1934","꼬마"
"1935","대"
"1936","보"
"1937","말이여"
"1938","한"
"1939","마리"
"1940","원"
"1941","그"
"1942","주위"
"1943","방"
"1944","종이"
"1945","벽"
"1946","사방"
"1947","그"
"1948","누런"
"1949","종이"
"1950","상자"
"1951","속"
"1952","모양"
"1953","그"
"1954","여기"
"1955","것"
"1956","영문"
"1957","수"
"1958","그"
"1959","뻥"
"1960","천장"
"1961","사람"
"1962","얼굴"
"1963","것"
"1964","그"
"1965","것"
"1966","어린아이들이"
"1967","그"
"1968","소리"
"1969","때문"
"1970","고막"
"1971","것"
"1972","누군가"
"1973","자신"
"1974","그곳"
"1975","후"
"1976","그"
"1977","소원"
"1978","장사꾼"
"1979","그"
"1980","상자"
"1981","장사꾼"
"1982","목소리"
"1983","아주"
"1984","건강한"
"1985","놈이여"
"1986","코"
"1987","촉촉하잖어"
"1988","집"
"1989","장사꾼"
"1990","말"
"1991","그"
"1992","몸"
"1993","어딘가"
"1994","이상"
"1995","것"
"1996","분명"
"1997","이상함"
"1998","병"
"1999","악화"
"2000","그"
"2001","상자"
"2002","허공"
"2003","것"
"2004","발밑"
"2005","허전"
"2006","그"
"2007","그"
"2008","주인"
"2009","그"
"2010","치료해"
"2011","건강하게"
"2012","소망"
"2013","천장"
"2014","주인"
"2015","얼굴"
"2016","잠깐잠깐씩"
"2017","얼굴"
"2018","어딘지"
"2019","익숙"
"2020","그"
"2021","가족"
"2022","생각"
"2023","정도"
"2024","토끼"
"2025","사람"
"2026","가족"
"2027","리"
"2028","전생"
"2029","그"
"2030","친형"
"2031","일"
"2032","기시감"
"2033","그"
"2034","안심하게"
"2035","월"
"2036","하늘"
"2037","따스한"
"2038","햇살"
"2039","부들거리"
"2040","그"
"2041","몸"
"2042","조금씩"
"2043","시작"
"2044","년"
"2045","월"
"2046","일"
"2047","따스한"
"2048","햇살이었"
